#ItemID, IconID
0, 0
1, -1
2, 0
3, 0
4, 0
5, 0
6, -1
7, -1
8, -1
9, -1
10, 0
11, -1
12, 0
13, 0
14, 0
15, 0
16, -1
17, -1
18, -1
19, -1
20, 0
21, -1
22, -1
23, -1
24, -1
25, -1
26, -1
27, -1
28, -1
29, -1
30, 0
31, -1
32, -1
33, 0
34, 0
35, 0
36, -1
37, -1
38, -1
39, -1
40, 0
41, -1
42, -1
43, -1
44, -1
45, 0
46, 0
47, 0
48, 0
49, 0
50, 0
51, -1
52, -1
53, -1
54, -1
55, -1
56, -1
57, -1
58, -1
59, -1
60, -1
61, -1
62, -1
63, -1
64, -1
65, -1
66, -1
67, -1
68, -1
69, 0
70, 0
71, 0
72, 0
73, 0
74, 0
75, 0
76, 0
77, 0
78, 0
79, 0
80, 0
81, 0
82, 0
83, 0
84, 0
85, 0
86, 0
87, 0
88, 0
89, 0
90, 0
91, 0
92, 0
93, 0
94, 0
95, 0
96, 0
97, 0
98, 0
99, 0
100, -1
101, -1
102, -1
103, -1
104, -1
105, -1
106, -1
107, -1
108, -1
109, -1
110, -1
111, -1
112, -1
113, -1
114, -1
115, -1
116, -1
117, -1
118, -1
119, -1
120, -1
121, -1
122, -1
123, -1
124, -1
125, -1
126, -1
127, -1
128, -1
129, -1
130, -1
131, -1
132, -1
133, -1
134, -1
135, -1
136, -1
137, -1
138, -1
139, -1
140, -1
141, -1
142, -1
143, -1
144, -1
145, -1
146, -1
147, -1
148, -1
149, -1
150, -1
151, -1
152, -1
153, -1
154, -1
155, -1
156, -1
157, -1
158, -1
159, -1
160, -1
161, -1
162, -1
163, -1
164, -1
165, -1
166, -1
167, -1
168, -1
169, -1
170, -1
171, -1
172, -1
173, -1
174, -1
175, -1
176, -1
177, -1
178, -1
179, 0
180, 0
181, -1
182, -1
183, -1
184, -1
185, -1
186, -1
187, 0
188, 0
189, 0
190, 0
191, 0
192, 0
193, 0
194, 0
195, 0
196, 0
197, 0
198, 0
199, 0
200, -1
201, -1
202, -1
203, -1
204, -1
205, -1
206, -1
207, -1
208, -1
209, -1
210, -1
211, -1
212, -1
213, -1
214, -1
215, -1
216, -1
217, -1
218, -1
219, -1
220, -1
221, -1
222, -1
223, -1
224, -1
225, -1
226, -1
227, -1
228, -1
229, -1
230, -1
231, -1
232, -1
233, -1
234, -1
235, -1
236, -1
237, -1
238, -1
239, -1
240, -1
241, -1
242, -1
243, -1
244, -1
245, -1
246, -1
247, -1
248, -1
249, -1
250, -1
251, -1
252, -1
253, -1
254, -1
255, -1
256, -1
257, -1
258, -1
259, -1
260, -1
261, -1
262, -1
263, -1
264, -1
265, -1
266, -1
267, -1
268, -1
269, -1
270, -1
271, -1
272, -1
273, -1
274, -1
275, -1
276, -1
277, -1
278, -1
279, -1
280, -1
281, -1
282, -1
283, -1
284, -1
285, -1
286, -1
287, -1
288, -1
289, -1
290, -1
291, -1
292, -1
293, -1
294, -1
295, -1
296, -1
297, -1
298, -1
299, -1
300, -1
301, -1
302, -1
303, -1
304, -1
305, -1
306, -1
307, -1
308, 0
309, -1
310, -1
311, -1
312, -1
313, -1
314, -1
315, -1
316, -1
317, -1
318, -1
319, -1
320, -1
321, -1
322, -1
323, -1
324, -1
325, -1
326, -1
327, -1
328, -1
329, -1
330, -1
331, -1
332, -1
333, -1
334, -1
335, -1
336, -1
337, -1
338, -1
339, -1
340, -1
341, -1
342, -1
343, -1
344, -1
345, -1
346, -1
347, -1
348, -1
349, 0
350, 0
351, -1
352, -1
353, -1
354, -1
355, -1
356, -1
357, -1
358, -1
359, -1
360, -1
361, -1
362, -1
363, -1
364, -1
365, -1
366, -1
367, -1
368, -1
369, -1
370, -1
371, -1
372, -1
373, -1
374, -1
375, -1
376, -1
377, -1
378, -1
379, -1
380, -1
381, -1
382, -1
383, -1
384, -1
385, -1
386, -1
387, -1
388, -1
389, -1
390, -1
391, -1
392, -1
393, -1
394, -1
395, -1
396, -1
397, -1
398, -1
399, 0
400, 1
401, 1
402, 1
403, 1
404, 1
405, 2
406, 2
407, 2
408, 2
409, 2
410, 3
411, 3
412, 4
413, 5
414, 6
415, 7
416, 8
417, -1
418, -1
419, 11
420, 12
421, 13
422, 13
423, 13
424, 13
425, 13
426, 13
427, 13
428, 1
429, 1
430, 1
431, 1
432, 2
433, 2
434, 2
435, 2
436, 9
437, 10
438, 14
439, 9
440, 10
441, 14
442, 0
443, 0
444, 0
445, 0
446, -1
447, 15
448, 16
449, 16
450, 16
451, 17
452, 17
453, 17
454, 18
455, 18
456, 18
457, -1
458, -1
459, -1
460, 0
461, -1
462, -1
463, -1
464, -1
465, 17
466, 17
467, 17
468, 17
469, 17
470, 19
471, -1
472, -1
473, 865
474, 20
475, 20
476, 20
477, 20
478, 20
479, 20
480, 20
481, 6
482, 20
483, 20
484, 875
485, 20
486, 20
487, 20
488, 20
489, 874
490, -1
491, -1
492, -1
493, 0
494, 0
495, 0
496, -1
497, -1
498, -1
499, -1
500, -1
501, 21
502, 21
503, 21
504, 21
505, 21
506, 21
507, 22
508, 23
509, 23
510, 22
511, 22
512, 22
513, 22
514, 22
515, 22
516, 24
517, 24
518, 24
519, 24
520, 24
521, 24
522, 23
523, 25
524, 26
525, 6
526, 23
527, 23
528, 23
529, 23
530, 23
531, 23
532, 23
533, 23
534, 23
535, 23
536, 23
537, 23
538, 23
539, 0
540, 27
541, 27
542, 28
543, 29
544, 30
545, 31
546, 32
547, -1
548, 33
549, 34
550, 34
551, 35
552, 35
553, 35
554, 35
555, 36
556, 36
557, 36
558, 36
559, 37
560, 37
561, 37
562, 37
563, 38
564, 38
565, 38
566, 38
567, 39
568, 39
569, 39
570, 39
571, 0
572, 40
573, 41
574, 42
575, 43
576, 44
577, 45
578, 46
579, -1
580, 0
581, 0
582, 0
583, 0
584, 0
585, 0
586, 0
587, 0
588, 0
589, 0
590, 0
591, 47
592, 48
593, 49
594, 50
595, 51
596, 0
597, 0
598, 0
599, 52
600, 909
601, 54
602, 55
603, 56
604, 57
605, 19
606, 19
607, 19
608, 59
609, 60
610, 61
611, 62
612, 63
613, 64
614, 65
615, 66
616, 67
617, 68
618, 69
619, 70
620, 71
621, -1
622, -1
623, 0
624, 0
625, 0
626, 0
627, 0
628, 0
629, 0
630, 0
631, 72
632, 72
633, 72
634, -1
635, -1
636, -1
637, -1
638, 0
639, 0
640, -1
641, -1
642, -1
643, -1
644, 0
645, 0
646, 77
647, 77
648, 0
649, -1
650, -1
651, 78
652, 78
653, 78
654, 79
655, 79
656, 79
657, 78
658, 79
659, 79
660, 79
661, 80
662, 81
663, 82
664, 0
665, 0
666, 0
667, 83
668, 84
669, 85
670, 86
671, 87
672, 0
673, 848
674, 849
675, 850
676, 851
677, 852
678, 932
679, 933
680, 1
681, 1
682, 1
683, 1
684, 1
685, 1
686, 2
687, 2
688, 2
689, 2
690, 2
691, 2
692, 15
693, 16
694, 16
695, 16
696, 88
697, 89
698, 90
699, 91
700, 92
701, 93
702, 94
703, 95
704, 96
705, 97
706, 98
707, 99
708, 100
709, 101
710, 102
711, 106
712, 103
713, 104
714, 104
715, 95
716, 105
717, 106
718, 107
719, 108
720, 109
721, 110
722, 111
723, 112
724, 113
725, 114
726, 115
727, 116
728, 117
729, 162
730, 119
731, 120
732, 121
733, 122
734, 29
735, 30
736, 31
737, 32
738, 33
739, 123
740, 113
741, 124
742, 125
743, 126
744, 127
745, 128
746, -1
747, 129
748, 130
749, 131
750, -1
751, 132
752, 133
753, 134
754, 133
755, 133
756, 133
757, -1
758, -1
759, -1
760, -1
761, -1
762, -1
763, -1
764, -1
765, -1
766, -1
767, -1
768, -1
769, 135
770, 853
771, 135
772, 137
773, -1
774, 138
775, 139
776, 91
777, 140
778, 140
779, 140
780, 140
781, 140
782, 140
783, 140
784, 140
785, 141
786, -1
787, 143
788, -1
789, -1
790, -1
791, -1
792, -1
793, -1
794, -1
795, -1
796, -1
797, -1
798, -1
799, -1
800, -1
801, 144
802, 145
803, 146
804, 147
805, 148
806, 149
807, 150
808, 102
809, 151
810, 152
811, 153
812, 0
813, 0
814, 0
815, 0
816, 154
817, 155
818, 156
819, 157
820, 158
821, 159
822, 160
823, 161
824, 162
825, 163
826, 164
827, 0
828, 0
829, 0
830, 0
831, 165
832, 166
833, 167
834, 168
835, 169
836, 170
837, 171
838, 172
839, 173
840, 127
841, 174
842, 0
843, 0
844, 0
845, 0
846, 175
847, 176
848, 177
849, 178
850, 179
851, 180
852, 181
853, 126
854, 122
855, 128
856, 182
857, 0
858, 0
859, 0
860, 0
861, 183
862, 184
863, 185
864, 186
865, 187
866, 188
867, 189
868, 190
869, 191
870, 192
871, 193
872, 0
873, 0
874, 0
875, 0
876, 194
877, 195
878, 196
879, 197
880, 198
881, 199
882, 200
883, 201
884, 202
885, 203
886, 204
887, 0
888, 0
889, 0
890, 0
891, 205
892, 206
893, 207
894, 208
895, 100
896, 209
897, 210
898, 211
899, 121
900, 212
901, 120
902, 124
903, 213
904, 214
905, 0
906, 215
907, 216
908, 217
909, 218
910, 219
911, 220
912, 221
913, 0
914, 0
915, 0
916, 222
917, 223
918, 224
919, 225
920, 226
921, 227
922, 228
923, 229
924, 0
925, 0
926, 0
927, 0
928, 0
929, 0
930, 0
931, 123
932, 99
933, 230
934, 231
935, 95
936, 232
937, 233
938, 94
939, 110
940, 104
941, 115
942, 96
943, 118
944, 106
945, 111
946, 222
947, 95
948, 97
949, 231
950, 234
951, 185
952, 186
953, 187
954, 188
955, 189
956, 215
957, 216
958, 217
959, 218
960, 219
961, 146
962, 147
963, 148
964, 149
965, 150
966, 123
967, 99
968, 230
969, 231
970, 95
971, 156
972, 157
973, 158
974, 159
975, 160
976, 207
977, 208
978, 100
979, 209
980, 210
981, 167
982, 168
983, 169
984, 170
985, 171
986, 177
987, 178
988, 179
989, 180
990, 181
991, 196
992, 197
993, 198
994, 199
995, 200
996, 235
997, 236
998, 237
999, 238
1000, 239
1001, 0
1002, 0
1003, 0
1004, 0
1005, 240
1006, 241
1007, 242
1008, 243
1009, 244
1010, 245
1011, 246
1012, 247
1013, 248
1014, 249
1015, 250
1016, 0
1017, 0
1018, 0
1019, 0
1020, 0
1021, 0
1022, 0
1023, 0
1024, 0
1025, 0
1026, 0
1027, 0
1028, 0
1029, 0
1030, 0
1031, 0
1032, 0
1033, 0
1034, 0
1035, 0
1036, 0
1037, 0
1038, 0
1039, 0
1040, 0
1041, 0
1042, 0
1043, 0
1044, 0
1045, 0
1046, 0
1047, 0
1048, 0
1049, 0
1050, 0
1051, 0
1052, 0
1053, 0
1054, 0
1055, 0
1056, 0
1057, 0
1058, 0
1059, 0
1060, 0
1061, 0
1062, 0
1063, 0
1064, 0
1065, 0
1066, 0
1067, 0
1068, 0
1069, 0
1070, 0
1071, 0
1072, 0
1073, 0
1074, 0
1075, 0
1076, 0
1077, 0
1078, 0
1079, 0
1080, 0
1081, 0
1082, 0
1083, 0
1084, 0
1085, 0
1086, 0
1087, 0
1088, 0
1089, 0
1090, 0
1091, 0
1092, 0
1093, 0
1094, 0
1095, 0
1096, 0
1097, 0
1098, 0
1099, 0
1100, 0
1101, 755
1102, 755
1103, 755
1104, 760
1105, 760
1106, 760
1107, 765
1108, 765
1109, 765
1110, 770
1111, 770
1112, 770
1113, 756
1114, 756
1115, 756
1116, 761
1117, 761
1118, 761
1119, 766
1120, 766
1121, 766
1122, 771
1123, 771
1124, 771
1125, 757
1126, 757
1127, 757
1128, 762
1129, 762
1130, 762
1131, 767
1132, 767
1133, 767
1134, 772
1135, 772
1136, 772
1137, 758
1138, 758
1139, 758
1140, 763
1141, 763
1142, 763
1143, 768
1144, 768
1145, 768
1146, 773
1147, 773
1148, 773
1149, 759
1150, 759
1151, 759
1152, 764
1153, 764
1154, 764
1155, 769
1156, 769
1157, 769
1158, 774
1159, 774
1160, 774
1161, 775
1162, 775
1163, 775
1164, 776
1165, 776
1166, 776
1167, 777
1168, 777
1169, 777
1170, 778
1171, 778
1172, 778
1173, 779
1174, 779
1175, 779
1176, 251
1177, 251
1178, 251
1179, 252
1180, 252
1181, 252
1182, 253
1183, 253
1184, 253
1185, 254
1186, 254
1187, 254
1188, 255
1189, 255
1190, 255
1191, 256
1192, 256
1193, 256
1194, 257
1195, 257
1196, 257
1197, 258
1198, 258
1199, 258
1200, 259
1201, 259
1202, 259
1203, 260
1204, 260
1205, 260
1206, 261
1207, 261
1208, 261
1209, 262
1210, 262
1211, 262
1212, 263
1213, 263
1214, 263
1215, 264
1216, 264
1217, 264
1218, 265
1219, 265
1220, 265
1221, 266
1222, 267
1223, 268
1224, 269
1225, 270
1226, 271
1227, 272
1228, 273
1229, 274
1230, 275
1231, 276
1232, 277
1233, 278
1234, 279
1235, 280
1236, 281
1237, 282
1238, 738
1239, 739
1240, 740
1241, 741
1242, 0
1243, 0
1244, 0
1245, 0
1246, 0
1247, 0
1248, 0
1249, 0
1250, 0
1251, 780
1252, 780
1253, 780
1254, 785
1255, 785
1256, 785
1257, 790
1258, 790
1259, 790
1260, 795
1261, 795
1262, 795
1263, 781
1264, 781
1265, 781
1266, 786
1267, 786
1268, 786
1269, 791
1270, 791
1271, 791
1272, 796
1273, 796
1274, 796
1275, 782
1276, 782
1277, 782
1278, 787
1279, 787
1280, 787
1281, 792
1282, 792
1283, 792
1284, 797
1285, 797
1286, 797
1287, 783
1288, 783
1289, 783
1290, 788
1291, 788
1292, 788
1293, 793
1294, 793
1295, 793
1296, 798
1297, 798
1298, 798
1299, 784
1300, 784
1301, 784
1302, 789
1303, 789
1304, 789
1305, 794
1306, 794
1307, 794
1308, 799
1309, 799
1310, 799
1311, 283
1312, 283
1313, 283
1314, 284
1315, 284
1316, 284
1317, 285
1318, 285
1319, 285
1320, 286
1321, 286
1322, 286
1323, 287
1324, 287
1325, 287
1326, 288
1327, 288
1328, 288
1329, 289
1330, 289
1331, 289
1332, 290
1333, 290
1334, 290
1335, 291
1336, 291
1337, 291
1338, 292
1339, 292
1340, 292
1341, 293
1342, 293
1343, 293
1344, 294
1345, 294
1346, 294
1347, 295
1348, 295
1349, 295
1350, 296
1351, 296
1352, 296
1353, 297
1354, 297
1355, 297
1356, 298
1357, 299
1358, 300
1359, 301
1360, 302
1361, 303
1362, 304
1363, 305
1364, 306
1365, 307
1366, 308
1367, 309
1368, 310
1369, 311
1370, 312
1371, 313
1372, 314
1373, 742
1374, 743
1375, 744
1376, 745
1377, 0
1378, 0
1379, 0
1380, 0
1381, 0
1382, 0
1383, 0
1384, 0
1385, 0
1386, 0
1387, 0
1388, 0
1389, 0
1390, 0
1391, 0
1392, 0
1393, 0
1394, 0
1395, 0
1396, 0
1397, 0
1398, 0
1399, 0
1400, 0
1401, 800
1402, 800
1403, 800
1404, 801
1405, 801
1406, 801
1407, 802
1408, 802
1409, 802
1410, 803
1411, 803
1412, 803
1413, 804
1414, 804
1415, 804
1416, 805
1417, 805
1418, 805
1419, 806
1420, 806
1421, 806
1422, 807
1423, 807
1424, 807
1425, 808
1426, 808
1427, 808
1428, 809
1429, 809
1430, 809
1431, 810
1432, 810
1433, 810
1434, 811
1435, 811
1436, 811
1437, 812
1438, 812
1439, 812
1440, 813
1441, 813
1442, 813
1443, 814
1444, 814
1445, 814
1446, 815
1447, 815
1448, 815
1449, 816
1450, 816
1451, 816
1452, 817
1453, 817
1454, 817
1455, 818
1456, 818
1457, 818
1458, 819
1459, 819
1460, 819
1461, 315
1462, 315
1463, 315
1464, 316
1465, 316
1466, 316
1467, 317
1468, 317
1469, 317
1470, 318
1471, 318
1472, 318
1473, 319
1474, 319
1475, 319
1476, 320
1477, 320
1478, 320
1479, 321
1480, 321
1481, 321
1482, 322
1483, 322
1484, 322
1485, 323
1486, 323
1487, 323
1488, 324
1489, 324
1490, 324
1491, 325
1492, 325
1493, 325
1494, 326
1495, 326
1496, 326
1497, 327
1498, 327
1499, 327
1500, 328
1501, 328
1502, 328
1503, 329
1504, 329
1505, 329
1506, 330
1507, 331
1508, 332
1509, 333
1510, 334
1511, 335
1512, 336
1513, 337
1514, 338
1515, 339
1516, 340
1517, 341
1518, 342
1519, 343
1520, 344
1521, 345
1522, 346
1523, 746
1524, 747
1525, 748
1526, 749
1527, 0
1528, 0
1529, 0
1530, 0
1531, 0
1532, 0
1533, 0
1534, 0
1535, 0
1536, 0
1537, 0
1538, 0
1539, 0
1540, 0
1541, 0
1542, 0
1543, 0
1544, 0
1545, 0
1546, 0
1547, 0
1548, 0
1549, 0
1550, 0
1551, 820
1552, 820
1553, 820
1554, 821
1555, 821
1556, 821
1557, 822
1558, 822
1559, 822
1560, 823
1561, 823
1562, 823
1563, 824
1564, 824
1565, 824
1566, 825
1567, 825
1568, 825
1569, 826
1570, 826
1571, 826
1572, 827
1573, 827
1574, 827
1575, 828
1576, 828
1577, 828
1578, 829
1579, 829
1580, 829
1581, 830
1582, 830
1583, 830
1584, 831
1585, 831
1586, 831
1587, 832
1588, 832
1589, 832
1590, 833
1591, 833
1592, 833
1593, 834
1594, 834
1595, 834
1596, 835
1597, 835
1598, 835
1599, 836
1600, 836
1601, 836
1602, 837
1603, 837
1604, 837
1605, 838
1606, 838
1607, 838
1608, 839
1609, 839
1610, 839
1611, 347
1612, 347
1613, 347
1614, 348
1615, 348
1616, 348
1617, 349
1618, 349
1619, 349
1620, 350
1621, 350
1622, 350
1623, 351
1624, 351
1625, 351
1626, 352
1627, 352
1628, 352
1629, 353
1630, 353
1631, 353
1632, 354
1633, 354
1634, 354
1635, 355
1636, 355
1637, 355
1638, 356
1639, 356
1640, 356
1641, 357
1642, 357
1643, 357
1644, 358
1645, 358
1646, 358
1647, 359
1648, 359
1649, 359
1650, 360
1651, 360
1652, 360
1653, 361
1654, 361
1655, 361
1656, 362
1657, 363
1658, 364
1659, 365
1660, 366
1661, 367
1662, 368
1663, 369
1664, 370
1665, 371
1666, 372
1667, 373
1668, 374
1669, 375
1670, 376
1671, 377
1672, 378
1673, 750
1674, 751
1675, 752
1676, 753
1677, 0
1678, 0
1679, 0
1680, 0
1681, 0
1682, 0
1683, 0
1684, 0
1685, 0
1686, 0
1687, 0
1688, 0
1689, 0
1690, 0
1691, 0
1692, 0
1693, 0
1694, 0
1695, 0
1696, 0
1697, 0
1698, 0
1699, 0
1700, 0
1701, 379
1702, 380
1703, 381
1704, 382
1705, 125
1706, 383
1707, 384
1708, 385
1709, 386
1710, 387
1711, 388
1712, 389
1713, 390
1714, 391
1715, 0
1716, 0
1717, 0
1718, 0
1719, 0
1720, 33
1721, 392
1722, 393
1723, 394
1724, 395
1725, 396
1726, 397
1727, 398
1728, 399
1729, 400
1730, 400
1731, 401
1732, 402
1733, -1
1734, -1
1735, -1
1736, -1
1737, 403
1738, 862
1739, 404
1740, 405
1741, 406
1742, 407
1743, 0
1744, 408
1745, 409
1746, 410
1747, 411
1748, 412
1749, 413
1750, 414
1751, 415
1752, 416
1753, 416
1754, 416
1755, 416
1756, 416
1757, 416
1758, 416
1759, 416
1760, 417
1761, 417
1762, 417
1763, 417
1764, 143
1765, 143
1766, 419
1767, 419
1768, 419
1769, 420
1770, 420
1771, 420
1772, 421
1773, 422
1774, 423
1775, 423
1776, 423
1777, 861
1778, 861
1779, 861
1780, 861
1781, 861
1782, 902
1783, 903
1784, 904
1785, 0
1786, 0
1787, 0
1788, 0
1789, 0
1790, 0
1791, 0
1792, 0
1793, 0
1794, 0
1795, 0
1796, 0
1797, 0
1798, 0
1799, 0
1800, 0
1801, 251
1802, 251
1803, 251
1804, 251
1805, 252
1806, 252
1807, 252
1808, 252
1809, 253
1810, 253
1811, 253
1812, 253
1813, 254
1814, 254
1815, 254
1816, 254
1817, 255
1818, 255
1819, 255
1820, 255
1821, 283
1822, 283
1823, 283
1824, 283
1825, 284
1826, 284
1827, 284
1828, 284
1829, 285
1830, 285
1831, 285
1832, 285
1833, 286
1834, 286
1835, 286
1836, 286
1837, 287
1838, 287
1839, 287
1840, 287
1841, 251
1842, 251
1843, 252
1844, 252
1845, 253
1846, 253
1847, 254
1848, 254
1849, 255
1850, 255
1851, 283
1852, 283
1853, 284
1854, 284
1855, 285
1856, 285
1857, 286
1858, 286
1859, 287
1860, 287
1861, 251
1862, 252
1863, 253
1864, 254
1865, 255
1866, 251
1867, 252
1868, 253
1869, 254
1870, 255
1871, 251
1872, 252
1873, 253
1874, 254
1875, 255
1876, 251
1877, 252
1878, 253
1879, 254
1880, 255
1881, 283
1882, 284
1883, 285
1884, 286
1885, 287
1886, 283
1887, 284
1888, 285
1889, 286
1890, 287
1891, 288
1892, 289
1893, 290
1894, 291
1895, 292
1896, 288
1897, 289
1898, 290
1899, 291
1900, 292
1901, 424
1902, 425
1903, 426
1904, 427
1905, 428
1906, 429
1907, 430
1908, 431
1909, 432
1910, 433
1911, 0
1912, 0
1913, 228
1914, 228
1915, 434
1916, 434
1917, 0
1918, 0
1919, 0
1920, 0
1921, 435
1922, 436
1923, 437
1924, 438
1925, 439
1926, 440
1927, 441
1928, 442
1929, 443
1930, 193
1931, 213
1932, 182
1933, 164
1934, 173
1935, 474
1936, 142
1937, 142
1938, 0
1939, 0
1940, 0
1941, 0
1942, 0
1943, 0
1944, 0
1945, 0
1946, 0
1947, 0
1948, 0
1949, 0
1950, 0
1951, 315
1952, 316
1953, 317
1954, 318
1955, 319
1956, 315
1957, 316
1958, 317
1959, 318
1960, 319
1961, 315
1962, 316
1963, 317
1964, 318
1965, 319
1966, 315
1967, 316
1968, 317
1969, 318
1970, 319
1971, 315
1972, 316
1973, 317
1974, 318
1975, 319
1976, 320
1977, 321
1978, 322
1979, 323
1980, 324
1981, 0
1982, 0
1983, 0
1984, 0
1985, 0
1986, 315
1987, 316
1988, 317
1989, 318
1990, 319
1991, 315
1992, 316
1993, 317
1994, 318
1995, 319
1996, 315
1997, 316
1998, 317
1999, 318
2000, 319
2001, 320
2002, 321
2003, 322
2004, 323
2005, 324
2006, 0
2007, 0
2008, 0
2009, 0
2010, 0
2011, 0
2012, 0
2013, 0
2014, 0
2015, 0
2016, 0
2017, 0
2018, 0
2019, 0
2020, 0
2021, 256
2022, 257
2023, 258
2024, 259
2025, 260
2026, 256
2027, 257
2028, 258
2029, 259
2030, 260
2031, 0
2032, 0
2033, 0
2034, 0
2035, 0
2036, 0
2037, 0
2038, 0
2039, 0
2040, 0
2041, 347
2042, 348
2043, 349
2044, 350
2045, 351
2046, 347
2047, 348
2048, 349
2049, 350
2050, 351
2051, 347
2052, 348
2053, 349
2054, 350
2055, 351
2056, 347
2057, 348
2058, 349
2059, 350
2060, 351
2061, 0
2062, 0
2063, 0
2064, 0
2065, 0
2066, 0
2067, 0
2068, 0
2069, 0
2070, 0
2071, 0
2072, 0
2073, 0
2074, 0
2075, 0
2076, 347
2077, 348
2078, 349
2079, 350
2080, 351
2081, 347
2082, 348
2083, 349
2084, 350
2085, 351
2086, 0
2087, 0
2088, 0
2089, 0
2090, 0
2091, 0
2092, 0
2093, 0
2094, 0
2095, 0
2096, 0
2097, 0
2098, 0
2099, 0
2100, 0
2101, 190
2102, 191
2103, 192
2104, 0
2105, 0
2106, 220
2107, 0
2108, 0
2109, 0
2110, 0
2111, 102
2112, 151
2113, 152
2114, 0
2115, 0
2116, 232
2117, 0
2118, 0
2119, 0
2120, 0
2121, 161
2122, 162
2123, 163
2124, 0
2125, 0
2126, 211
2127, 121
2128, 212
2129, 120
2130, 124
2131, 172
2132, 173
2133, 127
2134, 0
2135, 0
2136, 126
2137, 122
2138, 128
2139, 0
2140, 0
2141, 201
2142, 202
2143, 203
2144, 0
2145, 0
2146, 0
2147, 0
2148, 0
2149, 0
2150, 0
2151, 251
2152, 251
2153, 252
2154, 252
2155, 253
2156, 253
2157, 254
2158, 254
2159, 255
2160, 255
2161, 283
2162, 283
2163, 284
2164, 284
2165, 285
2166, 285
2167, 286
2168, 286
2169, 287
2170, 287
2171, 251
2172, 252
2173, 253
2174, 254
2175, 255
2176, 251
2177, 252
2178, 253
2179, 254
2180, 255
2181, 256
2182, 257
2183, 258
2184, 259
2185, 260
2186, 261
2187, 262
2188, 263
2189, 264
2190, 265
2191, 283
2192, 284
2193, 285
2194, 286
2195, 287
2196, 283
2197, 284
2198, 285
2199, 286
2200, 287
2201, 288
2202, 289
2203, 290
2204, 291
2205, 292
2206, 293
2207, 294
2208, 295
2209, 296
2210, 297
2211, 315
2212, 316
2213, 317
2214, 318
2215, 319
2216, 315
2217, 316
2218, 317
2219, 318
2220, 319
2221, 320
2222, 321
2223, 322
2224, 323
2225, 324
2226, 325
2227, 326
2228, 327
2229, 328
2230, 329
2231, 835
2232, 836
2233, 837
2234, 838
2235, 839
2236, 347
2237, 348
2238, 349
2239, 350
2240, 351
2241, 352
2242, 353
2243, 354
2244, 355
2245, 356
2246, 357
2247, 358
2248, 359
2249, 360
2250, 361
2251, 0
2252, 0
2253, 0
2254, 0
2255, 0
2256, 0
2257, 0
2258, 0
2259, 0
2260, 0
2261, 0
2262, 0
2263, 0
2264, 0
2265, 0
2266, 0
2267, 0
2268, 0
2269, 0
2270, 0
2271, 0
2272, 0
2273, 0
2274, 0
2275, 0
2276, 0
2277, 0
2278, 0
2279, 0
2280, 0
2281, 0
2282, 0
2283, 0
2284, 0
2285, 0
2286, 0
2287, 0
2288, 0
2289, 0
2290, 0
2291, 0
2292, 0
2293, 0
2294, 0
2295, 0
2296, 0
2297, 0
2298, 0
2299, 0
2300, 718
2301, 444
2302, 444
2303, 444
2304, 444
2305, 444
2306, 444
2307, 444
2308, 444
2309, 444
2310, 444
2311, 76
2312, 76
2313, 76
2314, 76
2315, 76
2316, 444
2317, 444
2318, 444
2319, 444
2320, 444
2321, 444
2322, 444
2323, 444
2324, 444
2325, 444
2326, 444
2327, 444
2328, 444
2329, 444
2330, 58
2331, 73
2332, 74
2333, 75
2334, 635
2335, 445
2336, 446
2337, 446
2338, 446
2339, 446
2340, 446
2341, 447
2342, 447
2343, 447
2344, 447
2345, 447
2346, 448
2347, 449
2348, 840
2349, 450
2350, 451
2351, 452
2352, 452
2353, 452
2354, 453
2355, 453
2356, 453
2357, 446
2358, 452
2359, 841
2360, 58
2361, 73
2362, 74
2363, 75
2364, 635
2365, 445
2366, 729
2367, 730
2368, 731
2369, 732
2370, 446
2371, 733
2372, 734
2373, 735
2374, 736
2375, 447
2376, 448
2377, 449
2378, 840
2379, 450
2380, 451
2381, 452
2382, 452
2383, 452
2384, 453
2385, 453
2386, 453
2387, 446
2388, 452
2389, 841
2390, 724
2391, 725
2392, 726
2393, 727
2394, 728
2395, 454
2396, 455
2397, 455
2398, 455
2399, 455
2400, 455
2401, 456
2402, 456
2403, 456
2404, 456
2405, 456
2406, 457
2407, 458
2408, 844
2409, 459
2410, 458
2411, 460
2412, 460
2413, 460
2414, 461
2415, 461
2416, 461
2417, 455
2418, 460
2419, 845
2420, 719
2421, 720
2422, 721
2423, 722
2424, 723
2425, 462
2426, 463
2427, 464
2428, 465
2429, 466
2430, 467
2431, -1
2432, -1
2433, -1
2434, -1
2435, -1
2436, 468
2437, 473
2438, 846
2439, 847
2440, 0
2441, 469
2442, 470
2443, 471
2444, 472
2445, 0
2446, 0
2447, 0
2448, 0
2449, 0
2450, 0
2451, 144
2452, 144
2453, 144
2454, 144
2455, 145
2456, 145
2457, 145
2458, 145
2459, 146
2460, 146
2461, 146
2462, 146
2463, 147
2464, 147
2465, 147
2466, 147
2467, 148
2468, 148
2469, 148
2470, 148
2471, 149
2472, 149
2473, 149
2474, 149
2475, 150
2476, 150
2477, 150
2478, 150
2479, 102
2480, 102
2481, 102
2482, 102
2483, 151
2484, 151
2485, 151
2486, 151
2487, 152
2488, 152
2489, 152
2490, 152
2491, 153
2492, 153
2493, 153
2494, 153
2495, 0
2496, 0
2497, 0
2498, 0
2499, 0
2500, 0
2501, 0
2502, 0
2503, 0
2504, 0
2505, 0
2506, 0
2507, 0
2508, 0
2509, 0
2510, 0
2511, 154
2512, 154
2513, 154
2514, 154
2515, 155
2516, 155
2517, 155
2518, 155
2519, 156
2520, 156
2521, 156
2522, 156
2523, 157
2524, 157
2525, 157
2526, 157
2527, 158
2528, 158
2529, 158
2530, 158
2531, 159
2532, 159
2533, 159
2534, 159
2535, 160
2536, 160
2537, 160
2538, 160
2539, 161
2540, 161
2541, 161
2542, 161
2543, 162
2544, 162
2545, 162
2546, 162
2547, 163
2548, 163
2549, 163
2550, 163
2551, 164
2552, 164
2553, 164
2554, 164
2555, 0
2556, 0
2557, 0
2558, 0
2559, 0
2560, 0
2561, 0
2562, 0
2563, 0
2564, 0
2565, 0
2566, 0
2567, 0
2568, 0
2569, 0
2570, 0
2571, 165
2572, 165
2573, 165
2574, 165
2575, 166
2576, 166
2577, 166
2578, 166
2579, 167
2580, 167
2581, 167
2582, 167
2583, 168
2584, 168
2585, 168
2586, 168
2587, 169
2588, 169
2589, 169
2590, 169
2591, 170
2592, 170
2593, 170
2594, 170
2595, 171
2596, 171
2597, 171
2598, 171
2599, 172
2600, 172
2601, 172
2602, 172
2603, 173
2604, 173
2605, 173
2606, 173
2607, 127
2608, 127
2609, 127
2610, 127
2611, 174
2612, 174
2613, 174
2614, 174
2615, 0
2616, 0
2617, 0
2618, 0
2619, 0
2620, 0
2621, 0
2622, 0
2623, 0
2624, 0
2625, 0
2626, 0
2627, 0
2628, 0
2629, 0
2630, 0
2631, 175
2632, 175
2633, 175
2634, 175
2635, 176
2636, 176
2637, 176
2638, 176
2639, 177
2640, 177
2641, 177
2642, 177
2643, 178
2644, 178
2645, 178
2646, 178
2647, 179
2648, 179
2649, 179
2650, 179
2651, 180
2652, 180
2653, 180
2654, 180
2655, 181
2656, 181
2657, 181
2658, 181
2659, 126
2660, 126
2661, 126
2662, 126
2663, 122
2664, 122
2665, 122
2666, 122
2667, 128
2668, 128
2669, 128
2670, 128
2671, 182
2672, 182
2673, 182
2674, 182
2675, 0
2676, 0
2677, 0
2678, 0
2679, 0
2680, 0
2681, 0
2682, 0
2683, 0
2684, 0
2685, 0
2686, 0
2687, 0
2688, 0
2689, 0
2690, 0
2691, 183
2692, 183
2693, 183
2694, 183
2695, 184
2696, 184
2697, 184
2698, 184
2699, 185
2700, 185
2701, 185
2702, 185
2703, 186
2704, 186
2705, 186
2706, 186
2707, 187
2708, 187
2709, 187
2710, 187
2711, 188
2712, 188
2713, 188
2714, 188
2715, 189
2716, 189
2717, 189
2718, 189
2719, 190
2720, 190
2721, 190
2722, 190
2723, 191
2724, 191
2725, 191
2726, 191
2727, 192
2728, 192
2729, 192
2730, 192
2731, 193
2732, 193
2733, 193
2734, 193
2735, 0
2736, 0
2737, 0
2738, 0
2739, 0
2740, 0
2741, 0
2742, 0
2743, 0
2744, 0
2745, 0
2746, 0
2747, 0
2748, 0
2749, 0
2750, 0
2751, 194
2752, 194
2753, 194
2754, 194
2755, 195
2756, 195
2757, 195
2758, 195
2759, 196
2760, 196
2761, 196
2762, 196
2763, 197
2764, 197
2765, 197
2766, 197
2767, 198
2768, 198
2769, 198
2770, 198
2771, 199
2772, 199
2773, 199
2774, 199
2775, 200
2776, 200
2777, 200
2778, 200
2779, 201
2780, 201
2781, 201
2782, 201
2783, 202
2784, 202
2785, 202
2786, 202
2787, 203
2788, 203
2789, 203
2790, 203
2791, 204
2792, 204
2793, 204
2794, 204
2795, 0
2796, 0
2797, 0
2798, 0
2799, 0
2800, 0
2801, 0
2802, 0
2803, 0
2804, 0
2805, 0
2806, 0
2807, 0
2808, 0
2809, 0
2810, 0
2811, 205
2812, 205
2813, 205
2814, 205
2815, 206
2816, 206
2817, 206
2818, 206
2819, 207
2820, 207
2821, 207
2822, 207
2823, 208
2824, 208
2825, 208
2826, 208
2827, 100
2828, 100
2829, 100
2830, 100
2831, 209
2832, 209
2833, 209
2834, 209
2835, 210
2836, 210
2837, 210
2838, 210
2839, 211
2840, 211
2841, 211
2842, 211
2843, 121
2844, 121
2845, 121
2846, 121
2847, 212
2848, 212
2849, 212
2850, 212
2851, 120
2852, 120
2853, 120
2854, 120
2855, 124
2856, 124
2857, 124
2858, 124
2859, 214
2860, 214
2861, 214
2862, 214
2863, 213
2864, 213
2865, 213
2866, 213
2867, 0
2868, 0
2869, 0
2870, 0
2871, 215
2872, 215
2873, 215
2874, 215
2875, 216
2876, 216
2877, 216
2878, 216
2879, 217
2880, 217
2881, 217
2882, 217
2883, 218
2884, 218
2885, 218
2886, 218
2887, 219
2888, 219
2889, 219
2890, 219
2891, 220
2892, 220
2893, 220
2894, 220
2895, 221
2896, 221
2897, 221
2898, 221
2899, 0
2900, 0
2901, 0
2902, 0
2903, 0
2904, 0
2905, 0
2906, 0
2907, 0
2908, 0
2909, 0
2910, 0
2911, 123
2912, 123
2913, 123
2914, 123
2915, 99
2916, 99
2917, 99
2918, 99
2919, 230
2920, 230
2921, 230
2922, 230
2923, 231
2924, 231
2925, 231
2926, 231
2927, 95
2928, 95
2929, 95
2930, 95
2931, 232
2932, 232
2933, 232
2934, 232
2935, 233
2936, 233
2937, 233
2938, 233
2939, 0
2940, 0
2941, 0
2942, 0
2943, 0
2944, 0
2945, 0
2946, 0
2947, 0
2948, 0
2949, 0
2950, 0
2951, 0
2952, 0
2953, 0
2954, 0
2955, 0
2956, 0
2957, 0
2958, 0
2959, 0
2960, -1
2961, -1
2962, 0
2963, 0
2964, 0
2965, 0
2966, 0
2967, 0
2968, 0
2969, 0
2970, 0
2971, 0
2972, 0
2973, 0
2974, 0
2975, 0
2976, 0
2977, 0
2978, 0
2979, 0
2980, 0
2981, 0
2982, 0
2983, 0
2984, 0
2985, 0
2986, 0
2987, 0
2988, 0
2989, 0
2990, 0
2991, 0
2992, 0
2993, 0
2994, 0
2995, 0
2996, 0
2997, 0
2998, 0
2999, 0
3000, 435
3001, 441
3002, 442
3003, 213
3004, 182
3005, 164
3006, 173
3007, 474
3008, 0
3009, 0
3010, 0
3011, 0
3012, 0
3013, 0
3014, 0
3015, 0
3016, -1
3017, -1
3018, -1
3019, -1
3020, 475
3021, 476
3022, 476
3023, 476
3024, 476
3025, 476
3026, 476
3027, 477
3028, 477
3029, 477
3030, 477
3031, 477
3032, 0
3033, 0
3034, 0
3035, 0
3036, 0
3037, 0
3038, 0
3039, 0
3040, 0
3041, 0
3042, 0
3043, 0
3044, 0
3045, 0
3046, 0
3047, 0
3048, 0
3049, 0
3050, 436
3051, 437
3052, 439
3053, 193
3054, 0
3055, 0
3056, 0
3057, 0
3058, 0
3059, 0
3060, 0
3061, 0
3062, 0
3063, 0
3064, 0
3065, 0
3066, 0
3067, 0
3068, 0
3069, 0
3070, 0
3071, 0
3072, 0
3073, 0
3074, 0
3075, 0
3076, 0
3077, 0
3078, 0
3079, 0
3080, 0
3081, 0
3082, 0
3083, 0
3084, 0
3085, 0
3086, 0
3087, 0
3088, 0
3089, 0
3090, 477
3091, 0
3092, 0
3093, 0
3094, 0
3095, 0
3096, 0
3097, 0
3098, 0
3099, 0
3100, 0
3101, 0
3102, 0
3103, 0
3104, 0
3105, 0
3106, 0
3107, 0
3108, 0
3109, 0
3110, 0
3111, 0
3112, 0
3113, 0
3114, 0
3115, 0
3116, 0
3117, 0
3118, 0
3119, 0
3120, 0
3121, 0
3122, 0
3123, 0
3124, 0
3125, 0
3126, 0
3127, 0
3128, 0
3129, 0
3130, 0
3131, 0
3132, 0
3133, 0
3134, 0
3135, 0
3136, 0
3137, 0
3138, 0
3139, 0
3140, 478
3141, 0
3142, 0
3143, 0
3144, 0
3145, -1
3146, -1
3147, -1
3148, -1
3149, -1
3150, 479
3151, 479
3152, 479
3153, 479
3154, 479
3155, 0
3156, 0
3157, 0
3158, 0
3159, 0
3160, 0
3161, 0
3162, 0
3163, 0
3164, 0
3165, 0
3166, 0
3167, 0
3168, 0
3169, 0
3170, 480
3171, 481
3172, 482
3173, 483
3174, 483
3175, 483
3176, 483
3177, 483
3178, 483
3179, 483
3180, 483
3181, 141
3182, 484
3183, 484
3184, 484
3185, 484
3186, 484
3187, 484
3188, 484
3189, 484
3190, 141
3191, 485
3192, 486
3193, 487
3194, 488
3195, 489
3196, 490
3197, 491
3198, 492
3199, 493
3200, 494
3201, 495
3202, 496
3203, 497
3204, 498
3205, 499
3206, 500
3207, 501
3208, 502
3209, 503
3210, 407
3211, 417
3212, 20
3213, 20
3214, 20
3215, 20
3216, 20
3217, 20
3218, 20
3219, 20
3220, 594
3221, 580
3222, 504
3223, 504
3224, 504
3225, 504
3226, 504
3227, 504
3228, 504
3229, 504
3230, 504
3231, 504
3232, 504
3233, 504
3234, 504
3235, 504
3236, 504
3237, 504
3238, 504
3239, 504
3240, 504
3241, 504
3242, 504
3243, 504
3244, 504
3245, 504
3246, 504
3247, 504
3248, 504
3249, 504
3250, 504
3251, 504
3252, 504
3253, 504
3254, 504
3255, 504
3256, 504
3257, 504
3258, 504
3259, 504
3260, 504
3261, 504
3262, 504
3263, 504
3264, 504
3265, 504
3266, 504
3267, 504
3268, 504
3269, 504
3270, 504
3271, 504
3272, 504
3273, 504
3274, 504
3275, 504
3276, 504
3277, 504
3278, 504
3279, 504
3280, 504
3281, 504
3282, 504
3283, 504
3284, 504
3285, 504
3286, 504
3287, 504
3288, 504
3289, 504
3290, 504
3291, 504
3292, 504
3293, 504
3294, 504
3295, 504
3296, 504
3297, 504
3298, 504
3299, 504
3300, 0
3301, 0
3302, 0
3303, 129
3304, 0
3305, 0
3306, 0
3307, 0
3308, 0
3309, 0
3310, 143
3311, 143
3312, 143
3313, 505
3314, 506
3315, 507
3316, 507
3317, 507
3318, 506
3319, 143
3320, 143
3321, 143
3322, 1
3323, 2
3324, 508
3325, 509
3326, 510
3327, 511
3328, 512
3329, 512
3330, 513
3331, 514
3332, 479
3333, 479
3334, 479
3335, 479
3336, 515
3337, -1
3338, 516
3339, -1
3340, 517
3341, 517
3342, 517
3343, 518
3344, 519
3345, 520
3346, 521
3347, 522
3348, 523
3349, 524
3350, 525
3351, 526
3352, 527
3353, 528
3354, 529
3355, 530
3356, 531
3357, 532
3358, 737
3359, 737
3360, 737
3361, 534
3362, 534
3363, 534
3364, 505
3365, 505
3366, 505
3367, 535
3368, 536
3369, 536
3370, 536
3371, 536
3372, 536
3373, 537
3374, 538
3375, 539
3376, 540
3377, 541
3378, 77
3379, 533
3380, 533
3381, 533
3382, -1
3383, 542
3384, 543
3385, -1
3386, 544
3387, 545
3388, 546
3389, 547
3390, 548
3391, 549
3392, 550
3393, 551
3394, 552
3395, 553
3396, 554
3397, 555
3398, 556
3399, 557
3400, 558
3401, 559
3402, 560
3403, 561
3404, 562
3405, 563
3406, 564
3407, 565
3408, 566
3409, 567
3410, 568
3411, 569
3412, 570
3413, 571
3414, 572
3415, 573
3416, 574
3417, 575
3418, 479
3419, 479
3420, 479
3421, 479
3422, 479
3423, 479
3424, 479
3425, 479
3426, 0
3427, 0
3428, 0
3429, 3
3430, 91
3431, 576
3432, 577
3433, 578
3434, 579
3435, 580
3436, 581
3437, 582
3438, 583
3439, 403
3440, 403
3441, 584
3442, 399
3443, 476
3444, 476
3445, 585
3446, 586
3447, 587
3448, 588
3449, 0
3450, 0
3451, 589
3452, 590
3453, 591
3454, 591
3455, 476
3456, 592
3457, 592
3458, 592
3459, 592
3460, 592
3461, 535
3462, 593
3463, 594
3464, 595
3465, 846
3466, 847
3467, 854
3468, 855
3469, 856
3470, 857
3471, 858
3472, 2
3473, 860
3474, 511
3475, 870
3476, 871
3477, 907
3478, 931
3479, 934
3480, 905
3481, 0
3482, 0
3483, 0
3484, 0
3485, 0
3486, 0
3487, 0
3488, 0
3489, 0
3490, 0
3491, 0
3492, 0
3493, 0
3494, 0
3495, 0
3496, 0
3497, 0
3498, 0
3499, 0
3500, 597
3501, 598
3502, 599
3503, 599
3504, 599
3505, 599
3506, 599
3507, 599
3508, 0
3509, 0
3510, 0
3511, 0
3512, 0
3513, 0
3514, 0
3515, 0
3516, 0
3517, 0
3518, 0
3519, 0
3520, 0
3521, 0
3522, 0
3523, 0
3524, 0
3525, 0
3526, 0
3527, 0
3528, 0
3529, 0
3530, 0
3531, 0
3532, 0
3533, 0
3534, 0
3535, 0
3536, 0
3537, 0
3538, 0
3539, 0
3540, 0
3541, 0
3542, 0
3543, 0
3544, 0
3545, 0
3546, 0
3547, 0
3548, 0
3549, 0
3550, 0
3551, 600
3552, 0
3553, 0
3554, 0
3555, 0
3556, 601
3557, 0
3558, 0
3559, 0
3560, 0
3561, 602
3562, 0
3563, 0
3564, 0
3565, 0
3566, 603
3567, 0
3568, 0
3569, 0
3570, 0
3571, 604
3572, 0
3573, 0
3574, 0
3575, 0
3576, 605
3577, 0
3578, 0
3579, 0
3580, 0
3581, 606
3582, 607
3583, 0
3584, 0
3585, 0
3586, 0
3587, 0
3588, 0
3589, 0
3590, 0
3591, 608
3592, 0
3593, 0
3594, 0
3595, 0
3596, 474
3597, 0
3598, 0
3599, 0
3600, 0
3601, 600
3602, 600
3603, 600
3604, 600
3605, 609
3606, 609
3607, 609
3608, 609
3609, 0
3610, 0
3611, 0
3612, 0
3613, 0
3614, 0
3615, 0
3616, 0
3617, 0
3618, 0
3619, 0
3620, 0
3621, 601
3622, 601
3623, 601
3624, 601
3625, 610
3626, 610
3627, 610
3628, 610
3629, 0
3630, 0
3631, 0
3632, 0
3633, 0
3634, 0
3635, 0
3636, 0
3637, 0
3638, 0
3639, 0
3640, 0
3641, 602
3642, 602
3643, 602
3644, 602
3645, 611
3646, 611
3647, 611
3648, 611
3649, 0
3650, 0
3651, 0
3652, 0
3653, 0
3654, 0
3655, 0
3656, 0
3657, 0
3658, 0
3659, 0
3660, 0
3661, 603
3662, 603
3663, 603
3664, 603
3665, 612
3666, 612
3667, 612
3668, 612
3669, 0
3670, 0
3671, 0
3672, 0
3673, 0
3674, 0
3675, 0
3676, 0
3677, 0
3678, 0
3679, 0
3680, 0
3681, 604
3682, 604
3683, 604
3684, 604
3685, 613
3686, 613
3687, 613
3688, 613
3689, 0
3690, 0
3691, 0
3692, 0
3693, 0
3694, 0
3695, 0
3696, 0
3697, 0
3698, 0
3699, 0
3700, 0
3701, 605
3702, 605
3703, 605
3704, 605
3705, 614
3706, 614
3707, 614
3708, 614
3709, 0
3710, 0
3711, 0
3712, 0
3713, 0
3714, 0
3715, 0
3716, 0
3717, 0
3718, 0
3719, 0
3720, 0
3721, 606
3722, 606
3723, 606
3724, 606
3725, 607
3726, 607
3727, 607
3728, 607
3729, 615
3730, 615
3731, 615
3732, 615
3733, 616
3734, 616
3735, 616
3736, 616
3737, 0
3738, 0
3739, 0
3740, 0
3741, 0
3742, 0
3743, 0
3744, 0
3745, 0
3746, 0
3747, 0
3748, 0
3749, 0
3750, 0
3751, 0
3752, 0
3753, 0
3754, 0
3755, 0
3756, 0
3757, 0
3758, 0
3759, 0
3760, 0
3761, 608
3762, 608
3763, 608
3764, 608
3765, 617
3766, 617
3767, 617
3768, 617
3769, 0
3770, 0
3771, 0
3772, 0
3773, 0
3774, 0
3775, 0
3776, 0
3777, 0
3778, 0
3779, 0
3780, 0
3781, 474
3782, 474
3783, 474
3784, 474
3785, 618
3786, 618
3787, 618
3788, 618
3789, 0
3790, 0
3791, 0
3792, 0
3793, 0
3794, 0
3795, 0
3796, 0
3797, 0
3798, 0
3799, 0
3800, 0
3801, 270
3802, 271
3803, 272
3804, 273
3805, 274
3806, 0
3807, 0
3808, 0
3809, 0
3810, 0
3811, 0
3812, 0
3813, 0
3814, 0
3815, 0
3816, 0
3817, 0
3818, 0
3819, 0
3820, 0
3821, 302
3822, 303
3823, 304
3824, 305
3825, 306
3826, 0
3827, 0
3828, 0
3829, 0
3830, 0
3831, 0
3832, 0
3833, 0
3834, 0
3835, 0
3836, 0
3837, 0
3838, 0
3839, 0
3840, 0
3841, 334
3842, 335
3843, 336
3844, 337
3845, 338
3846, 0
3847, 0
3848, 0
3849, 0
3850, 0
3851, 0
3852, 0
3853, 0
3854, 0
3855, 0
3856, 0
3857, 0
3858, 0
3859, 0
3860, 0
3861, 366
3862, 367
3863, 368
3864, 369
3865, 370
3866, 0
3867, 0
3868, 0
3869, 0
3870, 0
3871, 0
3872, 0
3873, 0
3874, 0
3875, 0
3876, 0
3877, 0
3878, 0
3879, 0
3880, 0
3881, 0
3882, 0
3883, 0
3884, 0
3885, 0
3886, 0
3887, 0
3888, 0
3889, 0
3890, 0
3891, 0
3892, 0
3893, 0
3894, 0
3895, 0
3896, 0
3897, 0
3898, 0
3899, 0
3900, 619
3901, 620
3902, 621
3903, 619
3904, 620
3905, 621
3906, 619
3907, 620
3908, 621
3909, 622
3910, 622
3911, 619
3912, 619
3913, 619
3914, 623
3915, 624
3916, 625
3917, 0
3918, 0
3919, 0
3920, 0
3921, 0
3922, 0
3923, 0
3924, 0
3925, 0
3926, 0
3927, 0
3928, 0
3929, 0
3930, 0
3931, 0
3932, 0
3933, 0
3934, 0
3935, 0
3936, 0
3937, 0
3938, 0
3939, 0
3940, 0
3941, 0
3942, 0
3943, 0
3944, 0
3945, 0
3946, 0
3947, 0
3948, 0
3949, 0
3950, 0
3951, 0
3952, 0
3953, 0
3954, 0
3955, 0
3956, 0
3957, 0
3958, 0
3959, 0
3960, 0
3961, 0
3962, 0
3963, 0
3964, 0
3965, 0
3966, 0
3967, 0
3968, 0
3969, 0
3970, 0
3971, 0
3972, 14
3973, 14
3974, 622
3975, -1
3976, 0
3977, 0
3978, 0
3979, 0
3980, 626
3981, 626
3982, 626
3983, 626
3984, 626
3985, 626
3986, 626
3987, 626
3988, 626
3989, 626
3990, 450
3991, 451
3992, 75
3993, 877
3994, 878
3995, 0
3996, 0
3997, 0
3998, 0
3999, 0
4000, 627
4001, 628
4002, 0
4003, 20
4004, 20
4005, 20
4006, 629
4007, 20
4008, 630
4009, 630
4010, 631
4011, 632
4012, 514
4013, 633
4014, 634
4015, -1
4016, 636
4017, 637
4018, 638
4019, 639
4020, 640
4021, 636
4022, 637
4023, 638
4024, 639
4025, 640
4026, 641
4027, 642
4028, 643
4029, 644
4030, 9
4031, 9
4032, 13
4033, 512
4034, 512
4035, 512
4036, 512
4037, 512
4038, 399
4039, 7
4040, 645
4041, 646
4042, 589
4043, 647
4044, 648
4045, 622
4046, 645
4047, 634
4048, 634
4049, 754
4050, 0
4051, 649
4052, 650
4053, 651
4054, 652
4055, 653
4056, 872
4057, 655
4058, 0
4059, 0
4060, 620
4061, 939
4062, 940
4063, 0
4064, 0
4065, 0
4066, 0
4067, 0
4068, 0
4069, 0
4070, 0
4071, 0
4072, 0
4073, 0
4074, 0
4075, 0
4076, 0
4077, 0
4078, 0
4079, 0
4080, 656
4081, 648
4082, 0
4083, 0
4084, 0
4085, 0
4086, 0
4087, 0
4088, 0
4089, 0
4090, 0
4091, 0
4092, 0
4093, 0
4094, 0
4095, 0
4096, 0
4097, 576
4098, 0
4099, 0
4100, 0
4101, -1
4102, -1
4103, -1
4104, 657
4105, 400
4106, 658
4107, 659
4108, 660
4109, 661
4110, 662
4111, 663
4112, 664
4113, 665
4114, 649
4115, 651
4116, 652
4117, 666
4118, 667
4119, 668
4120, 669
4121, 670
4122, 671
4123, 672
4124, 647
4125, 673
4126, 674
4127, 675
4128, 676
4129, 677
4130, 678
4131, 89
4132, 679
4133, 679
4134, 679
4135, 679
4136, 679
4137, 679
4138, 679
4139, 679
4140, 680
4141, 475
4142, 6
4143, -1
4144, 680
4145, 681
4146, 594
4147, 679
4148, 423
4149, 582
4150, 890
4151, 682
4152, 683
4153, 684
4154, 885
4155, 685
4156, 686
4157, 842
4158, 843
4159, 863
4160, 864
4161, 868
4162, 869
4163, 866
4164, 867
4165, 887
4166, 886
4167, 892
4168, 891
4169, 895
4170, 895
4171, 893
4172, 894
4173, 900
4174, 899
4175, 898
4176, 925
4177, 926
4178, 928
4179, 927
4180, 930
4181, 937
4182, 936
4183, 935
4184, 890
4185, 899
4186, 900
4187, 868
4188, 863
4189, 866
4190, 871
4191, 881
4192, 880
4193, 879
4194, 877
4195, 878
4196, 889
4197, 888
4198, 895
4199, 929
4200, 594
4201, 0
4202, 0
4203, 0
4204, 0
4205, 0
4206, 0
4207, 0
4208, 0
4209, 0
4210, 0
4211, 0
4212, 0
4213, 0
4214, 0
4215, 0
4216, 0
4217, 0
4218, 0
4219, 0
4220, 0
4221, 0
4222, 0
4223, 0
4224, 0
4225, 0
4226, 0
4227, 0
4228, 0
4229, 0
4230, 0
4231, 0
4232, 0
4233, 0
4234, 0
4235, 0
4236, 0
4237, 0
4238, 0
4239, 0
4240, 0
4241, 0
4242, 0
4243, 0
4244, 0
4245, 0
4246, 0
4247, 0
4248, 0
4249, 0
4250, 0
4251, 0
4252, 0
4253, 0
4254, 0
4255, 0
4256, 0
4257, 0
4258, 0
4259, 0
4260, 0
4261, 0
4262, 0
4263, 0
4264, 0
4265, 0
4266, 0
4267, 0
4268, 0
4269, 0
4270, 0
4271, 0
4272, 0
4273, 0
4274, 0
4275, 0
4276, 0
4277, 0
4278, 0
4279, 0
4280, 0
4281, 0
4282, 0
4283, 0
4284, 0
4285, 0
4286, 0
4287, 0
4288, 0
4289, 0
4290, 0
4291, 0
4292, 0
4293, 0
4294, 0
4295, 0
4296, 0
4297, 0
4298, 0
4299, 0
4300, 0
4301, 0
4302, 0
4303, 0
4304, 0
4305, 0
4306, 0
4307, 0
4308, 0
4309, 0
4310, 0
4311, 0
4312, 0
4313, 0
4314, 0
4315, 0
4316, 0
4317, 0
4318, 0
4319, 0
4320, 0
4321, 0
4322, 0
4323, 0
4324, 0
4325, 0
4326, 0
4327, 0
4328, 0
4329, 0
4330, 0
4331, 0
4332, 0
4333, 0
4334, 0
4335, 0
4336, 0
4337, 0
4338, 0
4339, 0
4340, 0
4341, 0
4342, 0
4343, 0
4344, 0
4345, 0
4346, 0
4347, 0
4348, 0
4349, 0
4350, 0
4351, 0
4352, 0
4353, 0
4354, 0
4355, 0
4356, 0
4357, 0
4358, 0
4359, 0
4360, 0
4361, 0
4362, 0
4363, 0
4364, 0
4365, 0
4366, 0
4367, 0
4368, 0
4369, 0
4370, 0
4371, 0
4372, 0
4373, 0
4374, 0
4375, 0
4376, 0
4377, 0
4378, 0
4379, 0
4380, 0
4381, 0
4382, 0
4383, 0
4384, 0
4385, 0
4386, 0
4387, 0
4388, 0
4389, 0
4390, 0
4391, 0
4392, 0
4393, 0
4394, 0
4395, 0
4396, 0
4397, 0
4398, 0
4399, 0
4400, 0
4401, 0
4402, 0
4403, 0
4404, 0
4405, 0
4406, 0
4407, 0
4408, 0
4409, 0
4410, 0
4411, 0
4412, 0
4413, 0
4414, 0
4415, 0
4416, 0
4417, 0
4418, 0
4419, 0
4420, 0
4421, 0
4422, 0
4423, 0
4424, 0
4425, 0
4426, 0
4427, 0
4428, 0
4429, 0
4430, 0
4431, 0
4432, 0
4433, 0
4434, 0
4435, 0
4436, 0
4437, 0
4438, 0
4439, 0
4440, 0
4441, 0
4442, 0
4443, 0
4444, 0
4445, 0
4446, 0
4447, 0
4448, 0
4449, 0
4450, 0
4451, 0
4452, 0
4453, 0
4454, 0
4455, 0
4456, 0
4457, 0
4458, 0
4459, 0
4460, 0
4461, 0
4462, 0
4463, 0
4464, 0
4465, 0
4466, 0
4467, 0
4468, 0
4469, 0
4470, 0
4471, 0
4472, 0
4473, 0
4474, 0
4475, 0
4476, 0
4477, 0
4478, 0
4479, 0
4480, 0
4481, 0
4482, 0
4483, 0
4484, 0
4485, 0
4486, 0
4487, 0
4488, 0
4489, 0
4490, 0
4491, 0
4492, 0
4493, 0
4494, 0
4495, 0
4496, 0
4497, 0
4498, 0
4499, 0
4500, 0
4501, 0
4502, 0
4503, 0
4504, 0
4505, 0
4506, 0
4507, 0
4508, 0
4509, 0
4510, 0
4511, 0
4512, 0
4513, 0
4514, 0
4515, 0
4516, 0
4517, 0
4518, 0
4519, 0
4520, 0
4521, 0
4522, 0
4523, 0
4524, 0
4525, 0
4526, 0
4527, 0
4528, 0
4529, 0
4530, 0
4531, 0
4532, 0
4533, 0
4534, 0
4535, 0
4536, 0
4537, 0
4538, 0
4539, 0
4540, 0
4541, 0
4542, 0
4543, 0
4544, 0
4545, 0
4546, 0
4547, 0
4548, 0
4549, 0
4550, 0
4551, 0
4552, 0
4553, 0
4554, 0
4555, 0
4556, 0
4557, 0
4558, 0
4559, 0
4560, 0
4561, 0
4562, 0
4563, 0
4564, 0
4565, 0
4566, 0
4567, 0
4568, 0
4569, 0
4570, 0
4571, 0
4572, 0
4573, 0
4574, 0
4575, 0
4576, 0
4577, 0
4578, 0
4579, 0
4580, 0
4581, 0
4582, 0
4583, 0
4584, 0
4585, 0
4586, 0
4587, 0
4588, 0
4589, 0
4590, 0
4591, 0
4592, 0
4593, 0
4594, 0
4595, 0
4596, 0
4597, 0
4598, 0
4599, 0
4600, 0
4601, 0
4602, 0
4603, 0
4604, 0
4605, 0
4606, 0
4607, 0
4608, 0
4609, 0
4610, 0
4611, 0
4612, 0
4613, 0
4614, 0
4615, 0
4616, 0
4617, 0
4618, 0
4619, 0
4620, 0
4621, 0
4622, 0
4623, 0
4624, 0
4625, 0
4626, 0
4627, 0
4628, 0
4629, 0
4630, 0
4631, 0
4632, 0
4633, 0
4634, 0
4635, 0
4636, 0
4637, 0
4638, 0
4639, 0
4640, 0
4641, 0
4642, 0
4643, 0
4644, 0
4645, 0
4646, 0
4647, 0
4648, 0
4649, 0
4650, 0
4651, 0
4652, 0
4653, 0
4654, 0
4655, 0
4656, 0
4657, 0
4658, 0
4659, 0
4660, 0
4661, 0
4662, 0
4663, 0
4664, 0
4665, 0
4666, 0
4667, 0
4668, 0
4669, 0
4670, 0
4671, 0
4672, 0
4673, 0
4674, 0
4675, 0
4676, 0
4677, 0
4678, 0
4679, 0
4680, 0
4681, 0
4682, 0
4683, 0
4684, 0
4685, 0
4686, 0
4687, 0
4688, 0
4689, 0
4690, 0
4691, 0
4692, 0
4693, 0
4694, 0
4695, 0
4696, 0
4697, 0
4698, 0
4699, 0
4700, 0
4701, 0
4702, 0
4703, 0
4704, 0
4705, 0
4706, 0
4707, 0
4708, 0
4709, 0
4710, 0
4711, 0
4712, 0
4713, 0
4714, 0
4715, 0
4716, 0
4717, 0
4718, 0
4719, 0
4720, 0
4721, 0
4722, 0
4723, 0
4724, 0
4725, 0
4726, 0
4727, 0
4728, 0
4729, 0
4730, 0
4731, 0
4732, 0
4733, 0
4734, 0
4735, 0
4736, 0
4737, 0
4738, 0
4739, 0
4740, 0
4741, 0
4742, 0
4743, 0
4744, 0
4745, 0
4746, 0
4747, 0
4748, 0
4749, 0
4750, 0
4751, 0
4752, 0
4753, 0
4754, 0
4755, 0
4756, 0
4757, 0
4758, 0
4759, 0
4760, 0
4761, 0
4762, 0
4763, 0
4764, 0
4765, 0
4766, 0
4767, 0
4768, 0
4769, 0
4770, 0
4771, 0
4772, 0
4773, 0
4774, 0
4775, 0
4776, 0
4777, 0
4778, 0
4779, 0
4780, 0
4781, 0
4782, 0
4783, 0
4784, 0
4785, 0
4786, 0
4787, 0
4788, 0
4789, 0
4790, 0
4791, 0
4792, 0
4793, 0
4794, 0
4795, 0
4796, 0
4797, 0
4798, 0
4799, 0
4800, 0
4801, 0
4802, 0
4803, 0
4804, 0
4805, 0
4806, 0
4807, 0
4808, 0
4809, 0
4810, 0
4811, 0
4812, 0
4813, 0
4814, 0
4815, 0
4816, 0
4817, 0
4818, 0
4819, 0
4820, 0
4821, 0
4822, 0
4823, 0
4824, 0
4825, 0
4826, 0
4827, 0
4828, 0
4829, 0
4830, 0
4831, 0
4832, 0
4833, 0
4834, 0
4835, 0
4836, 0
4837, 0
4838, 0
4839, 0
4840, 0
4841, 0
4842, 0
4843, 0
4844, 0
4845, 0
4846, 0
4847, 0
4848, 0
4849, 0
4850, 0
4851, 0
4852, 0
4853, 0
4854, 0
4855, 0
4856, 0
4857, 0
4858, 0
4859, 0
4860, 0
4861, 0
4862, 0
4863, 0
4864, 0
4865, 0
4866, 0
4867, 0
4868, 0
4869, 0
4870, 0
4871, 0
4872, 0
4873, 0
4874, 0
4875, 0
4876, 0
4877, 0
4878, 0
4879, 0
4880, 0
4881, 0
4882, 0
4883, 0
4884, 0
4885, 0
4886, 0
4887, 0
4888, 0
4889, 0
4890, 0
4891, 0
4892, 0
4893, 0
4894, 0
4895, 0
4896, 0
4897, 0
4898, 0
4899, 884
4900, 855
4901, 856
4902, 857
4903, 858
4904, 876
4905, 20
4906, 896
4907, 897
4908, 679
4909, 907
4910, 20
4911, 417
4912, 594
4913, 417
4914, 20
4915, 20
4916, 0
4917, 0
4918, 0
4919, 0
4920, 0
4921, 0
4922, 0
4923, 0
4924, 0
4925, 0
4926, 0
4927, 0
4928, 0
4929, 0
4930, 0
4931, 0
4932, 0
4933, 0
4934, 0
4935, 0
4936, 0
4937, 0
4938, 0
4939, 0
4940, 0
4941, 0
4942, 0
4943, 0
4944, 0
4945, 0
4946, 0
4947, 0
4948, 0
4949, 0
4950, 0
4951, 0
4952, 0
4953, 0
4954, 0
4955, 0
4956, 0
4957, 0
4958, 0
4959, 0
4960, 0
4961, 0
4962, 0
4963, 0
4964, 0
4965, 0
4966, 0
4967, 0
4968, 0
4969, 0
4970, 0
4971, 0
4972, 0
4973, 0
4974, 0
4975, 0
4976, 0
4977, 0
4978, 0
4979, 0
4980, 0
4981, 0
4982, 0
4983, 0
4984, 0
4985, 0
4986, 0
4987, 0
4988, 0
4989, 0
4990, 0
4991, 0
4992, 0
4993, 0
4994, 0
4995, 0
4996, 0
4997, 0
4998, 0
4999, 0
5000, -1
5001, -1
5002, -1
5003, -1
5004, -1
5005, -1
5006, -1
5007, -1
5008, -1
5009, -1
5010, -1
5011, -1
5012, -1
5013, -1
5014, -1
5015, -1
5016, -1
5017, -1
5018, -1
5019, -1
5020, -1
5021, -1
5022, -1
5023, -1
5024, -1
5025, -1
5026, -1
5027, -1
5028, -1
5029, -1
5030, -1
5031, -1
5032, -1
5033, -1
5034, -1
5035, -1
5036, -1
5037, -1
5038, -1
5039, -1
5040, -1
5041, -1
5042, -1
5043, -1
5044, -1
5045, -1
5046, -1
5047, -1
5048, -1
5049, -1
5050, -1
5051, -1
5052, -1
5053, -1
5054, -1
5055, -1
5056, -1
5057, -1
5058, -1
5059, -1
5060, -1
5061, -1
5062, -1
5063, -1
5064, -1
5065, -1
5066, -1
5067, -1
5068, -1
5069, -1
5070, -1
5071, -1
5072, -1
5073, -1
5074, -1
5075, -1
5076, -1
5077, -1
5078, -1
5079, -1
5080, -1
5081, -1
5082, -1
5083, -1
5084, -1
5085, -1
5086, -1
5087, -1
5088, -1
5089, -1
5090, -1
5091, -1
5092, -1
5093, -1
5094, -1
5095, -1
5096, -1
5097, -1
5098, -1
5099, -1
5100, -1
5101, -1
5102, -1
5103, 0
5104, 0
5105, 0
5106, 0
5107, 0
5108, 0
5109, 0
5110, 687
5111, 688
5112, 689
5113, 690
5114, 691
5115, 692
5116, 693
5117, 694
5118, 695
5119, 696
5120, 697
5121, 698
5122, 699
5123, 700
5124, 701
5125, 702
5126, 703
5127, 704
5128, 705
5129, 706
5130, 707
5131, 708
5132, 709
5133, 710
5134, 516
5135, 476
5136, 711
5137, 712
5138, 0
5139, 0
5140, 0
5141, 0
5142, 0
5143, 0
5144, 0
5145, 0
5146, 0
5147, 0
5148, 0
5149, 0
5150, 0
5151, 0
5152, 0
5153, 0
5154, 0
5155, 0
5156, 0
5157, 0
5158, 0
5159, 0
5160, 0
5161, 0
5162, 0
5163, 0
5164, 0
5165, 0
5166, 0
5167, 0
5168, 0
5169, 0
5170, 0
5171, 0
5172, 0
5173, 0
5174, 0
5175, 0
5176, 0
5177, 0
5178, 0
5179, 0
5180, 0
5181, 0
5182, 0
5183, 0
5184, 0
5185, 0
5186, 0
5187, 0
5188, 0
5189, 0
5190, 0
5191, 0
5192, 0
5193, 0
5194, 0
5195, 0
5196, 0
5197, 0
5198, 0
5199, 0
5200, 0
5201, 0
5202, 0
5203, 0
5204, 0
5205, 0
5206, 0
5207, 0
5208, 0
5209, 0
5210, 0
5211, 0
5212, 0
5213, 0
5214, 0
5215, 0
5216, 0
5217, 0
5218, 0
5219, 0
5220, 0
5221, 0
5222, 0
5223, 0
5224, 0
5225, 0
5226, 0
5227, 0
5228, 0
5229, 0
5230, 0
5231, 0
5232, 0
5233, 0
5234, 0
5235, 0
5236, 0
5237, 0
5238, 0
5239, 0
5240, 0
5241, 0
5242, 0
5243, 0
5244, 0
5245, 0
5246, 0
5247, 0
5248, 0
5249, 0
5250, 0
5251, 0
5252, 0
5253, 0
5254, 0
5255, 0
5256, 0
5257, 0
5258, 0
5259, 0
5260, 0
5261, 0
5262, 0
5263, 0
5264, 0
5265, 0
5266, 0
5267, 0
5268, 0
5269, 0
5270, 0
5271, 0
5272, 0
5273, 0
5274, 0
5275, 0
5276, 0
5277, 0
5278, 0
5279, 0
5280, 0
5281, 0
5282, 0
5283, 0
5284, 0
5285, 0
5286, 0
5287, 0
5288, 0
5289, 0
5290, 0
5291, 0
5292, 0
5293, 0
5294, 0
5295, 0
5296, 0
5297, 0
5298, 0
5299, 0
5300, 0
5301, 0
5302, 0
5303, 0
5304, 0
5305, 0
5306, 0
5307, 0
5308, 0
5309, 0
5310, 0
5311, 0
5312, 0
5313, 0
5314, 0
5315, 0
5316, 0
5317, 0
5318, 0
5319, 0
5320, 0
5321, 0
5322, 0
5323, 0
5324, 0
5325, 0
5326, 0
5327, 0
5328, 0
5329, 0
5330, 0
5331, 0
5332, 0
5333, 0
5334, 713
5335, 714
5336, 715
5337, 716
5338, 717
5339, 0
5340, 0
5341, 0
5342, 0
5343, 0
5344, 0
5345, 0
5346, 0
5347, 0
5348, 0
5349, 0
5350, 0
5351, 0
5352, 0
5353, 0
5354, 0
5355, 0
5356, 0
5357, 0
5358, 0
5359, 0
5360, 0
5361, 0
5362, 0
5363, 0
5364, 0
5365, 0
5366, 0
5367, 0
5368, 0
5369, 0
5370, 0
5371, 0
5372, 0
5373, 0
5374, 0
5375, 0
5376, 0
5377, 0
5378, 0
5379, 0
5380, 0
5381, 0
5382, 0
5383, 0
5384, 0
5385, 0
5386, 0
5387, 0
5388, 0
5389, 0
5390, 0
5391, 0
5392, 0
5393, 0
5394, 0
5395, 0
5396, 0
5397, 0
5398, 0
5399, 0
5400, 0
5401, 0
5402, 0
5403, 0
5404, 0
5405, 0
5406, 0
5407, 0
5408, 0
5409, 0
5410, 0
5411, 0
5412, 0
5413, 0
5414, 0
5415, 0
5416, 0
5417, 0
5418, 0
5419, 0
5420, 0
5421, 0
5422, 0
5423, 0
5424, 0
5425, 0
5426, 0
5427, 0
5428, 0
5429, 0
5430, 0
5431, 0
5432, 0
5433, 0
5434, 0
5435, 0
5436, 0
5437, 0
5438, 0
5439, 0
5440, 0
5441, 0
5442, 0
5443, 0
5444, 0
5445, 0
5446, 0
5447, 0
5448, 0
5449, 0
5450, 0
5451, 0
5452, 0
5453, 0
5454, 0
5455, 0
5456, 0
5457, 0
5458, 0
5459, 0
5460, 0
5461, 0
5462, 0
5463, 0
5464, 0
5465, 0
5466, 0
5467, 0
5468, 0
5469, 0
5470, 0
5471, 0
5472, 0
5473, 0
5474, 0
5475, 0
5476, 0
5477, 0
5478, 0
5479, 0
5480, 0
5481, 0
5482, 0
5483, 0
5484, 0
5485, 0
5486, 0
5487, 0
5488, 0
5489, 0
5490, 0
5491, 0
5492, 0
5493, 0
5494, 0
5495, 0
5496, 0
5497, 0
5498, 0
5499, 0
5500, 675
5501, 675
5502, 675
5503, 675
5504, 675
5505, 675
5506, 675
5507, 675
5508, 675
5509, 675
5510, 675
5511, 675
5512, 675
5513, 675
5514, 675
5515, 675
5516, 675
5517, 675
5518, 675
5519, 675
5520, 675
5521, 675
5522, 675
5523, 675
5524, 675
5525, 675
5526, 675
5527, 675
5528, 675
5529, 675
5530, 675
5531, 675
5532, 675
5533, 675
5534, 675
5535, 675
5536, 675
5537, 675
5538, 675
5539, 675
5540, 675
5541, 675
5542, 675
5543, 675
5544, 675
5545, 675
5546, 675
5547, 675
5548, 0
5549, 0
5550, 0
5551, 0
5552, 0
5553, 0
5554, 0
5555, 0
5556, 0
5557, 0
5558, 0
5559, 0
5560, 0
5561, 0
5562, 0
5563, 0
5564, 0
5565, 0
5566, 0
5567, 0
5568, 0
5569, 0
5570, 0
5571, 0
5572, 0
5573, 0
5574, 0
5575, 0
5576, 0
5577, 0
5578, 0
5579, 0
5580, 0
5581, 0
5582, 0
5583, 0
5584, 0
5585, 0
5586, 0
5587, 0
5588, 0
5589, 0
5590, 0
5591, 0
5592, 0
5593, 0
5594, 0
5595, 0
5596, 0
5597, 0
5598, 0
5599, 0
5600, 6
5601, 512
5602, 934
5603, 0
5604, 0
5605, 0
5606, 0
5607, 0
5608, 0
5609, 0
5610, 0
5611, 0
5612, 0
5613, 0
5614, 0
5615, 0
5616, 0
5617, 0
5618, 0
5619, 0
5620, 0
5621, 0
5622, 0
5623, 0
5624, 0
5625, 0
5626, 0
5627, 0
5628, 0
5629, 0
5630, 0
5631, 0
5632, 0
5633, 0
5634, 0
5635, 0
5636, 0
5637, 0
5638, 0
5639, 0
5640, 0
5641, 0
5642, 0
5643, 0
5644, 0
5645, 0
5646, 0
5647, 0
5648, 0
5649, 0
5650, 0
5651, 0
5652, 0
5653, 0
5654, 0
5655, 0
5656, 0
5657, 0
5658, 0
5659, 0
5660, 0
5661, 0
5662, 0
5663, 0
5664, 0
5665, 0
5666, 0
5667, 0
5668, 0
5669, 0
5670, 0
5671, 0
5672, 0
5673, 0
5674, 0
5675, 0
5676, 0
5677, 0
5678, 0
5679, 0
5680, 0
5681, 0
5682, 0
5683, 0
5684, 0
5685, 0
5686, 0
5687, 0
5688, 0
5689, 0
5690, 0
5691, 0
5692, 0
5693, 0
5694, 0
5695, 0
5696, 0
5697, 0
5698, 0
5699, 0
5700, 0
5701, 0
5702, 0
5703, 0
5704, 0
5705, 0
5706, 0
5707, 0
5708, 0
5709, 0
5710, 0
5711, 0
5712, 0
5713, 0
5714, 0
5715, 0
5716, 0
5717, 0
5718, 0
5719, 0
5720, 0
5721, 0
5722, 0
5723, 0
5724, 0
5725, 0
5726, 0
5727, 0
5728, 0
5729, 0
5730, 0
5731, 0
5732, 0
5733, 0
5734, 0
5735, 0
5736, 0
5737, 0
5738, 0
5739, 0
5740, 0
5741, 0
5742, 0
5743, 0
5744, 0
5745, 0
5746, 0
5747, 0
5748, 0
5749, 0
5750, 0
5751, 0
5752, 0
5753, 0
5754, 0
5755, 0
5756, 0
5757, 0
5758, 0
5759, 0
5760, 0
5761, 0
5762, 0
5763, 0
5764, 0
5765, 0
5766, 0
5767, 0
5768, 0
5769, 0
5770, 0
5771, 0
5772, 0
5773, 0
5774, 0
5775, 0
5776, 0
5777, 0
5778, 0
5779, 0
5780, 0
5781, 0
5782, 0
5783, 0
5784, 0
5785, 0
5786, 0
5787, 0
5788, 0
5789, 0
5790, 0
5791, 0
5792, 0
5793, 0
5794, 0
5795, 0
5796, 0
5797, 0
5798, 0
5799, 0
5800, 0
5801, 0
5802, 0
5803, 0
5804, 0
5805, 0
5806, 0
5807, 0
5808, 0
5809, 0
5810, 0
5811, 0
5812, 0
5813, 0
5814, 0
5815, 0
5816, 0
5817, 0
5818, 0
5819, 0
5820, 0
5821, 0
5822, 0
5823, 0
5824, 0
5825, 0
5826, 0
5827, 0
5828, 0
5829, 0
5830, 0
5831, 0
5832, 0
5833, 0
5834, 0
5835, 0
5836, 0
5837, 0
5838, 0
5839, 0
5840, 0
5841, 0
5842, 0
5843, 0
5844, 0
5845, 0
5846, 0
5847, 0
5848, 0
5849, 0
5850, 0
5851, 0
5852, 0
5853, 0
5854, 0
5855, 0
5856, 0
5857, 0
5858, 0
5859, 0
5860, 0
5861, 0
5862, 0
5863, 0
5864, 0
5865, 0
5866, 0
5867, 0
5868, 0
5869, 0
5870, 0
5871, 0
5872, 0
5873, 0
5874, 0
5875, 0
5876, 0
5877, 0
5878, 0
5879, 0
5880, 0
5881, 0
5882, 0
5883, 0
5884, 0
5885, 0
5886, 0
5887, 0
5888, 0
5889, 0
5890, 0
5891, 0
5892, 0
5893, 0
5894, 0
5895, 0
5896, 0
5897, 0
5898, 0
5899, 0
5900, 0
5901, 0
5902, 0
5903, 0
5904, 0
5905, 0
5906, 0
5907, 0
5908, 0
5909, 0
5910, 0
5911, 0
5912, 0
5913, 0
5914, 0
5915, 0
5916, 0
5917, 0
5918, 0
5919, 0
5920, 0
5921, 0
5922, 0
5923, 0
5924, 0
5925, 0
5926, 0
5927, 0
5928, 0
5929, 0
5930, 0
5931, 0
5932, 0
5933, 0
5934, 0
5935, 0
5936, 0
5937, 0
5938, 0
5939, 0
5940, 0
5941, 0
5942, 0
5943, 0
5944, 0
5945, 0
5946, 0
5947, 0
5948, 0
5949, 0
5950, 0
5951, 0
5952, 0
5953, 0
5954, 0
5955, 0
5956, 0
5957, 0
5958, 0
5959, 0
5960, 0
5961, 0
5962, 0
5963, 0
5964, 0
5965, 0
5966, 0
5967, 0
5968, 0
5969, 0
5970, 0
5971, 0
5972, 0
5973, 0
5974, 0
5975, 0
5976, 0
5977, 0
5978, 0
5979, 0
5980, 0
5981, 0
5982, 0
5983, 0
5984, 0
5985, 0
5986, 0
5987, 0
5988, 0
5989, 0
5990, 0
5991, 0
5992, 0
5993, 0
5994, 0
5995, 0
5996, 0
5997, 0
5998, 0
5999, 0
6000, 0
6001, 0
6002, 0
6003, 0
6004, 0
6005, 0
6006, 0
6007, 0
6008, 0
6009, 0
6010, 0
6011, 0
6012, 0
6013, 0
6014, 0
6015, 0
6016, 0
6017, 0
6018, 0
6019, 0
6020, 0
6021, 0
6022, 0
6023, 0
6024, 0
6025, 0
6026, 0
6027, 0
6028, 0
6029, 0
6030, 0
6031, 0
6032, 0
6033, 0
6034, 0
6035, 0
6036, 0
6037, 0
6038, 0
6039, 0
6040, 0
6041, 0
6042, 0
6043, 0
6044, 0
6045, 0
6046, 0
6047, 0
6048, 0
6049, 0
6050, 0
6051, 0
6052, 0
6053, 0
6054, 0
6055, 0
6056, 0
6057, 0
6058, 0
6059, 0
6060, 0
6061, 0
6062, 0
6063, 0
6064, 0
6065, 0
6066, 0
6067, 0
6068, 0
6069, 0
6070, 0
6071, 0
6072, 0
6073, 0
6074, 0
6075, 0
6076, 0
6077, 0
6078, 0
6079, 0
6080, 0
6081, 0
6082, 0
6083, 0
6084, 0
6085, 0
6086, 0
6087, 0
6088, 0
6089, 0
6090, 0
6091, 0
6092, 0
6093, 0
6094, 0
6095, 0
6096, 0
6097, 0
6098, 0
6099, 0
6100, 0
6101, 0
6102, 0
6103, 0
6104, 0
6105, 0
6106, 0
6107, 0
6108, 0
6109, 0
6110, 0
6111, 0
6112, 0
6113, 0
6114, 0
6115, 0
6116, 0
6117, 0
6118, 0
6119, 0
6120, 0
6121, 0
6122, 0
6123, 0
6124, 0
6125, 0
6126, 0
6127, 0
6128, 0
6129, 0
6130, 0
6131, 0
6132, 0
6133, 0
6134, 0
6135, 0
6136, 0
6137, 0
6138, 0
6139, 0
6140, 0
6141, 0
6142, 0
6143, 0
6144, 0
6145, 0
6146, 0
6147, 0
6148, 0
6149, 0
6150, 0
6151, 0
6152, 0
6153, 0
6154, 0
6155, 0
6156, 0
6157, 0
6158, 0
6159, 0
6160, 0
6161, 0
6162, 0
6163, 0
6164, 0
6165, 0
6166, 0
6167, 0
6168, 0
6169, 0
6170, 0
6171, 0
6172, 0
6173, 0
6174, 0
6175, 0
6176, 0
6177, 0
6178, 0
6179, 0
6180, 0
6181, 0
6182, 0
6183, 0
6184, 0
6185, 0
6186, 0
6187, 0
6188, 0
6189, 0
6190, 0
6191, 0
6192, 0
6193, 0
6194, 0
6195, 0
6196, 0
6197, 0
6198, 0
6199, 0
6200, 0
6201, 0
6202, 0
6203, 0
6204, 0
6205, 0
6206, 0
6207, 0
6208, 0
6209, 0
6210, 0
6211, 0
6212, 0
6213, 0
6214, 0
6215, 0
6216, 0
6217, 0
6218, 0
6219, 0
6220, 0
6221, 0
6222, 0
6223, 0
6224, 0
6225, 0
6226, 0
6227, 0
6228, 0
6229, 0
6230, 0
6231, 0
6232, 0
6233, 0
6234, 0
6235, 0
6236, 0
6237, 0
6238, 0
6239, 0
6240, 0
6241, 0
6242, 0
6243, 0
6244, 0
6245, 0
6246, 0
6247, 0
6248, 0
6249, 0
6250, 0
6251, 0
6252, 0
6253, 0
6254, 0
6255, 0
6256, 0
6257, 0
6258, 0
6259, 0
6260, 0
6261, 0
6262, 0
6263, 0
6264, 0
6265, 0
6266, 0
6267, 0
6268, 0
6269, 0
6270, 0
6271, 0
6272, 0
6273, 0
6274, 0
6275, 0
6276, 0
6277, 0
6278, 0
6279, 0
6280, 0
6281, 0
6282, 0
6283, 0
6284, 0
6285, 0
6286, 0
6287, 0
6288, 0
6289, 0
6290, 0
6291, 0
6292, 0
6293, 0
6294, 0
6295, 0
6296, 0
6297, 0
6298, 0
6299, 0
6300, 0
6301, 0
6302, 0
6303, 0
6304, 0
6305, 0
6306, 0
6307, 0
6308, 0
6309, 0
6310, 0
6311, 0
6312, 0
6313, 0
6314, 0
6315, 0
6316, 0
6317, 0
6318, 0
6319, 0
6320, 0
6321, 0
6322, 0
6323, 0
6324, 0
6325, 0
6326, 0
6327, 0
6328, 0
6329, 0
6330, 0
6331, 0
6332, 0
6333, 0
6334, 0
6335, 0
6336, 0
6337, 0
6338, 0
6339, 0
6340, 0
6341, 0
6342, 0
6343, 0
6344, 0
6345, 0
6346, 0
6347, 0
6348, 0
6349, 0
6350, 0
6351, 0
6352, 0
6353, 0
6354, 0
6355, 0
6356, 0
6357, 0
6358, 0
6359, 0
6360, 0
6361, 0
6362, 0
6363, 0
6364, 0
6365, 0
6366, 0
6367, 0
6368, 0
6369, 0
6370, 0
6371, 0
6372, 0
6373, 0
6374, 0
6375, 0
6376, 0
6377, 0
6378, 0
6379, 0
6380, 0
6381, 0
6382, 0
6383, 0
6384, 0
6385, 0
6386, 0
6387, 0
6388, 0
6389, 0
6390, 0
6391, 0
6392, 0
6393, 0
6394, 0
6395, 0
6396, 0
6397, 0
6398, 0
6399, 0
6400, 0
6401, 0
6402, 0
6403, 0
6404, 0
6405, 0
6406, 0
6407, 0
6408, 0
6409, 0
6410, 0
6411, 0
6412, 0
6413, 0
6414, 0
6415, 0
6416, 0
6417, 0
6418, 0
6419, 0
6420, 0
6421, 0
6422, 0
6423, 0
6424, 0
6425, 0
6426, 0
6427, 0
6428, 0
6429, 0
6430, 0
6431, 0
6432, 0
6433, 0
6434, 0
6435, 0
6436, 0
6437, 0
6438, 0
6439, 0
6440, 0
6441, 0
6442, 0
6443, 0
6444, 0
6445, 0
6446, 0
6447, 0
6448, 0
6449, 0
6450, 0
6451, 0
6452, 0
6453, 0
6454, 0
6455, 0
6456, 0
6457, 0
6458, 0
6459, 0
6460, 0
6461, 0
6462, 0
6463, 0
6464, 0
6465, 0
6466, 0
6467, 0
6468, 0
6469, 0
6470, 0
6471, 0
6472, 0
6473, 0
6474, 0
6475, 0
6476, 0
6477, 0
6478, 0
6479, 0
6480, 0
6481, 0
6482, 0
6483, 0
6484, 0
6485, 0
6486, 0
6487, 0
6488, 0
6489, 0
6490, 0
6491, 0
6492, 0
6493, 0
6494, 0
6495, 0
6496, 0
6497, 0
6498, 0
6499, 0
